actual,predicted_proba
0,0.0027172228490605628
0,0.018194232432055726
0,0.659544866464314
0,0.025847212927065464
0,0.41687556744079274
1,0.422202931445209
0,0.3115132483646283
0,0.25550842428098486
0,0.9533435653377406
0,0.9140552363328701
0,0.9880075068848503
0,0.1329607811387325
0,0.314694021484214
0,0.04090733201200427
0,0.06469128383649965
0,0.7966348696236611
0,0.45458206639486926
0,0.11555422960186237
0,0.5284630396157565
0,0.839361525201797
0,0.057881932433709586
0,0.8826036741618317
0,0.05232302954171226
0,0.9931190739904079
0,0.007291340185306771
0,0.7991322525058169
0,0.9643920894793658
0,2.7021275768549534e-05
0,0.0005817584764159498
0,0.9692840979168197
0,0.0004722583257070181
0,0.11368215772329936
0,0.7726974519863986
0,0.057193357050999115
0,0.2602180939838971
0,0.05907553366458703
0,0.007599636994373223
0,0.02923503354092246
0,0.007781574245622142
0,0.5771271044040045
1,0.9217922809741751
0,0.08224023272895657
0,1.2399710485040073e-05
1,0.6368345043642435
0,0.4676092408504354
0,0.00035073766317917537
0,0.09014364366837502
0,0.0929491778607937
0,0.002809942331690077
0,0.020701520333572664
1,0.6521279407825326
0,0.9986775320263455
0,0.5186233919986132
0,0.5245880020951849
0,0.2630301825227081
0,0.5266355196745491
0,0.3813812451805712
0,0.984801554648391
0,0.2009660289905362
0,0.8160053680433944
0,0.0014749189819668544
0,0.818032734308068
0,0.13714911831300255
0,0.0005426354419651839
0,0.0015756939405277498
0,0.09009728970478235
0,0.9941889186958729
0,0.06991025088395243
0,0.931446903268781
1,0.9319464864907087
0,0.0013966993369431452
0,0.0011636582505461309
0,0.9999506284917964
0,0.8965790724866621
0,0.8936323454481578
0,0.08646030570650139
0,0.9965331162966892
0,9.398243810330839e-06
0,0.01365315162223088
0,0.0057682216665994115
0,0.15045245219739117
0,0.5937949201364965
0,0.8603228132241282
0,0.0023997907639699773
0,0.0015383099022113628
0,0.842178448883947
0,0.38270253369738066
0,0.05250460281491635
0,0.5806922517544034
0,0.9506935803394383
0,0.3377154130980133
0,0.8374318268739555
0,0.5605428220674924
0,0.27584499811743907
0,0.9913110579547402
0,0.015054206337876798
0,0.9228678312589124
0,0.0010665402784698534
0,0.9277913634921019
0,0.797034732202109
0,0.07873955494331433
0,0.001829476650872846
0,0.07030280998788602
0,0.6093509058276619
0,0.17336174418152378
0,0.7655519591808225
0,0.7490751670461917
0,7.132766146850699e-05
0,0.0023071850191033446
0,0.10139072135690123
0,0.9590129119550703
0,0.9357826762312078
1,0.9995096667751147
0,0.6417889752911284
0,0.9509846491777869
0,0.11791781210791764
0,0.6565398311030094
0,0.5465163841528192
0,0.014322639553012897
0,0.01689657468950836
0,0.15159742435293605
0,0.40584996948912433
0,0.1941672155573628
0,0.996260554002511
0,0.3528952205380452
0,0.15541366588753489
0,0.4885779227726435
0,0.9934625285055723
0,0.6110316590713851
0,0.006712019163598943
0,0.000505928544857707
0,0.3408522189369894
0,0.014600798315628868
0,0.4619173748851774
0,0.0016236617388429026
0,0.9882634462111295
0,0.0017639861478018217
0,0.5344551581058476
0,0.014918961415371345
0,0.2358031431758722
0,0.5938320248292159
0,0.005166977717433026
0,0.13925166182235094
0,0.9392869441617046
0,0.2226032398996577
0,0.008020229017399426
0,0.00014023629412845157
0,0.9886392916631176
0,0.6647807187512084
0,0.09090096805874215
0,0.0018810109969881208
0,0.994902682108807
0,0.9232459672151302
0,0.2680682707608484
0,0.0006336888809095123
0,0.9589083767805575
0,0.9475350554899723
0,0.07238018428078488
0,0.654482673216699
0,0.00106064048038328
0,0.8409057506552224
0,0.01711959715937458
0,0.01267219891007568
0,0.9456549227120655
0,0.17284763424068245
0,0.9683391567870819
0,0.07484859494251524
0,0.9354182902481164
0,0.5215773749726772
0,0.9591451853824723
0,0.07973350143459966
0,0.0015963169257697564
0,0.008598736471626364
0,0.7188247794995031
0,0.011454518024789674
0,0.006965793602088483
0,0.20252551426541507
0,0.07199964714338888
0,0.008305375454537465
0,1.4651218460502261e-05
0,0.0022587378704799098
0,0.9608305853192285
0,0.08289267977778181
0,1.844526811924767e-05
0,0.06681884495774708
0,0.029166494425412845
0,0.005863392621411565
0,0.7562056463105506
0,0.00012172918965112479
0,0.0016473476613039879
0,0.9528195843413038
0,0.023951431553737617
0,0.9754808368299568
0,0.16594719136856073
0,0.9726766165960574
0,0.10040409051958585
0,0.4882008052855149
0,0.022465968400649943
1,0.1754561850594602
0,0.005763347383885976
0,0.629565229047746
0,0.01338209666098478
0,0.34993990338817216
0,0.012462067480086322
0,0.827917269816962
0,0.14834968125985526
0,0.031664016432092414
0,0.9546097412216277
0,0.40495225010573477
0,4.4176809361168186e-05
0,0.004501133083477862
0,0.9557446553037025
0,0.595728411973749
0,0.6689316451520839
0,0.02463766509605511
0,0.2759295513166736
0,0.010477216645440619
0,0.49353249969501445
0,0.007542571860126551
0,0.16366048708381437
0,0.014935911437652903
0,0.10193655675318945
0,0.6625081424798356
0,0.0038675554535804913
0,0.29479767669376605
0,0.007127540750654847
0,0.8783212923522857
0,0.04202225846336146
0,0.0001828376247248829
0,0.0361232334836581
0,0.8100459227068751
0,0.5257127859993065
0,0.04277598398091453
0,0.10333901980702834
0,0.0078223617851156
0,0.00572057514959449
0,0.9987275819409649
0,0.056377058139500266
0,0.01206242537763683
0,0.6042483617363995
0,0.0005248873088513343
0,0.999576641268917
0,0.03257992966758441
0,0.9999112596658475
0,0.9989077167961824
0,0.6640520651371913
0,4.932928389542324e-05
0,0.02905040834058536
0,0.6524090751938194
0,0.11634166558079677
0,0.27176703556961773
0,0.8860259774526881
0,0.4466783825298746
0,0.9992483081081106
0,0.9999035252643305
0,0.7862919378917177
0,0.34269321272338643
0,0.003218969983911571
0,0.8411187679082558
0,0.8014393941299983
0,0.00014652408635647282
0,0.985025025831268
0,0.793353827379179
0,0.43843237576240507
0,0.10533542474783991
0,0.9796486563827396
0,0.999639807988119
0,0.9843235726989178
0,0.30881987178576276
0,0.16132355937883
1,0.6746051123469212
0,0.9955102682714915
0,0.11574114890270618
0,0.2226093897796727
0,0.14981927806269685
0,4.403555265382285e-05
0,0.14950287649954833
0,0.003219271246495188
0,0.008110960333181665
0,0.0005577628453430468
0,0.31983806723008257
0,0.807053898218611
0,0.9918054207298063
0,0.0009920642795642409
0,0.02256024598596855
0,0.9485388286755242
0,0.0056640023020710015
0,0.3340031574625472
0,0.06899158565051938
0,0.2618496790214217
0,0.07392987140818597
0,0.007010511224718715
0,0.010982460709610663
0,0.7976478355655715
0,0.004314786223276651
0,0.8298285110264761
0,0.17203463818331888
0,0.0022888048587011503
0,0.000555739586174008
0,0.8901190843229118
0,0.00036095092529566053
0,0.01136504824932754
0,0.07979332475024326
0,0.02837214000079158
0,0.06885044848735879
0,0.005331778212003399
0,0.010159829420913192
0,0.010180606519378726
0,0.013624729029000988
0,0.05925421938378909
0,0.038721734420591854
0,0.00013114505051748027
0,0.02991682012480509
0,0.008616542458019972
0,0.2560501045437851
0,0.003504865164982509
0,0.0800230552715639
0,0.9611251463908264
0,0.0008197771480707871
0,0.9993006557553803
0,0.9663751006304206
0,0.000500356404696383
0,0.4998666129818316
0,0.001033200468467367
0,0.2338054790623236
0,0.03033296208386374
0,0.5643868392360577
0,0.0031374902544669347
0,0.00013823542388377027
0,0.3162657264651403
0,0.017172036767472403
0,0.004679966980291678
0,0.025087473322527903
0,0.012144889605481773
0,0.156535734163372
0,0.010216320135525985
0,0.9791666893260066
0,0.5227233489759207
0,0.35133167088283473
0,0.00905565768361731
0,0.49070875394774377
0,0.34264617915039236
0,0.02371081455792254
0,0.08937945155982459
0,0.9982243167004986
0,0.21268087039024272
1,0.9993082902192574
0,0.0015763837554935065
0,0.07336962436173197
0,0.6603915078858443
0,0.0321068119354651
0,0.8106964886652492
0,0.7605358190077899
0,0.001334856815681182
0,0.9760517055965245
0,0.41786133255076435
0,0.00604530688202064
0,0.5051372383567074
0,0.954855929008057
0,0.17251730586625574
0,0.6520882530128077
1,0.9980748286310013
0,0.439830190727826
0,0.7788207882960061
0,0.00248425138239843
0,0.09983637371957463
0,0.12335526587827338
0,0.6869520264994531
0,0.8594392529022992
0,0.41785443802283373
0,3.2568172313038225e-05
0,0.602262906219472
0,0.6821261871970103
0,0.25221155190467553
0,0.989677837289408
0,0.0013585290231800534
0,0.0003625067991341105
0,0.0003825724276824997
0,0.915610653632352
0,0.00014645020235597124
0,0.000574955247798462
0,0.33245458752901197
0,0.5591214173606812
0,0.2760102400309393
0,0.07844546596643259
0,0.9833605390436279
0,0.9459303499863337
0,0.05816925467882339
0,0.00042303108114926736
0,0.0028544842390418905
0,0.9968246712143635
0,0.004637353022677036
0,0.06366398299040042
0,0.2108357394691771
0,0.22212675567006174
0,0.35089850732449485
0,1.4175234546659058e-05
0,0.013039732082159796
0,9.855169203858781e-05
0,0.9773210550335188
0,0.0030444081292264383
0,0.2300237021264868
0,0.9883258974979694
0,0.001603056492437429
0,0.027585341208951727
0,0.004801558395141892
0,0.007382718244049422
0,0.9895400810463698
0,0.1151677358884127
0,0.1850759471695594
0,0.8246610786043624
0,0.001854937839410446
0,0.8902212599514356
0,0.6071163699074993
0,0.7868424684652502
0,0.201956010222349
0,0.009497807077580033
0,0.6691228999499169
0,0.9943786626539547
0,0.028664604364549245
0,0.9999653653735492
0,0.15032813322180114
0,0.04395345920955231
0,0.5273072205625527
0,0.7978133965606995
0,0.8735161817672299
0,0.0017969060366484246
0,0.9491732270006392
0,0.9962565685362554
0,0.03604850861785367
0,0.022242455993428827
0,0.8039866679273379
0,0.7889137465973706
0,0.522694769513796
0,0.009131384994361627
0,0.13454089323199186
0,0.4178299011694345
0,0.00012113989293188877
0,0.19003412717856522
0,0.0009084961132410688
0,6.783076521725267e-05
0,0.0032090691783310515
0,0.02693348263208082
0,0.0006679141146922826
0,0.007426515148164456
0,0.3827424605044164
0,0.0009760497945435984
0,0.018441499162130764
0,0.7319273312887153
0,0.0459158414167871
0,0.24857170066239073
0,0.9404656093219614
0,0.8736675982000924
0,0.06447158043099509
0,0.012892708868638064
0,0.2576973780297743
0,0.9709157250144003
0,0.025921829082910245
0,0.004490817434039445
0,0.04372676836581721
0,0.9862785454418104
0,0.001350438012757157
0,0.0009606614025216078
0,0.013359692739365322
0,0.985894711992191
0,0.45687133595893203
0,0.0013108396708143891
0,0.14154138648280412
0,0.005315891635537222
0,0.9939564146929256
0,0.8163207069612881
0,0.1589759410434529
0,0.024747091748480766
0,0.8651116593930519
0,0.9997574654188842
0,0.6058605859951616
0,0.41761098018948845
0,0.92906078404381
0,0.19405408383572073
0,4.561235022938785e-05
0,0.4797524905061775
0,0.21564314355603673
0,0.009565681112909301
0,0.009396837027623407
0,0.0031246148249330524
0,0.9862380716076614
0,0.09071492242199003
0,0.10011788500876825
0,0.2173655152015837
0,0.001672421521882053
0,0.0015192445133964097
0,0.02693811903169271
0,0.06796197499194988
0,0.01642792152567258
0,0.28964626109833197
0,0.9930478504628546
0,0.0017276528738760712
0,0.9604731788089768
0,0.08407297555562596
0,0.043438315390114536
0,0.9477962594706786
0,0.9374113297719946
0,0.034927197281639635
0,0.4743109877301233
0,0.8369259239504173
0,0.0002808189060681885
0,0.0006045084463006055
0,0.8230439671595914
0,0.7888460836208048
0,0.9991641598228075
0,0.0008073786213813431
0,0.013086137492793179
0,0.5749806539171883
0,0.8953245372819743
0,0.9986949707797103
0,0.0011165624294409255
0,0.11297445478691254
0,0.00038309646389277736
0,0.9998069125046847
0,0.6344978832409914
0,0.981453970065574
0,0.9619339177177233
0,0.878962359581294
0,0.006492847813570433
0,0.00015887068588432468
0,0.6686905633834781
0,0.9674005482947086
0,0.21746740049544563
0,0.07047126475496486
0,0.07599459244345956
0,0.0607333037591049
0,0.07590771656691064
0,0.9456562593026897
0,0.07470940907638997
0,0.1680095426945279
0,0.4113477740646951
0,0.013549351649967543
0,0.368415091862491
0,0.20391032378834759
0,0.26887274744261935
0,0.1681305972457629
0,0.9684619258201158
0,0.9974558853511875
0,0.0007447881646617569
0,0.9967435389111272
0,0.016539911150988355
0,0.4742151837405934
0,0.08224602616051627
0,0.004097528981017857
0,0.840752319572108
0,0.614714935040102
0,0.6491831207109984
0,0.7232374549783729
0,0.35267109925218965
0,0.014395637412776056
0,0.27297987410347274
0,0.7937945976985689
0,0.0014781088701128842
0,0.7792874056010388
0,0.7574705752102058
0,0.27391978778279596
0,0.06545343545808327
0,0.0020172567061692336
0,0.13364486445760396
0,0.04628777034281926
0,0.26416346007732866
0,0.9997220048205965
0,0.0008640551757487981
0,0.7942992478841868
0,0.11368678734995075
0,0.30835814405211054
0,0.001346781558100755
0,0.008707192709798391
0,9.653961917883232e-05
0,0.9564822461323362
0,0.9537667632256519
0,0.010480665670072853
0,0.0023084131008210998
0,0.00027489034549083306
0,0.06505416549928501
0,0.03661654192973268
0,0.26123402069255747
0,0.033585283181407896
0,0.0001086242307745444
0,0.012299473879881576
1,0.95293145761973
0,0.002936062742064453
0,0.967746958923567
0,0.006899025060931302
0,0.9781209693934244
0,0.8287797439058117
0,0.9174499678655096
0,0.9293809987767007
0,0.9435373099381771
0,0.0001504477736883502
0,0.020983502349757873
0,0.9468061080560956
0,0.9884030074371716
0,0.04094225856709838
0,0.6454604789622428
0,0.5436676576805369
0,0.38977536767527016
0,0.20914697521215556
0,0.31144624941251886
0,0.002935514310916925
0,0.9990969694565032
0,0.024126567055247614
0,0.8682032502795621
0,0.8820971822624725
0,0.9530983920123056
0,0.00011192836698003383
0,0.994748645093955
0,9.868197657795986e-05
0,0.7862639096603943
0,0.0003306357844042949
0,0.9070487051434432
0,0.08955035038902587
0,0.930797558984436
0,0.04698567447461236
0,0.028004762342205204
0,0.07660904614988144
0,0.7835537213894684
0,0.02907544527706967
0,0.008864124601100297
0,0.03942029241204935
0,0.9832329217922027
0,0.9805495146778376
0,0.16254621740021277
0,0.011065975847663462
0,0.03919396335106184
0,0.9670933878434836
0,0.07184638041989415
0,0.20715435603068152
0,0.9871489953744992
0,0.9999291072130149
0,0.7006977114645414
0,0.8449196180737966
0,0.0015648979720093662
0,0.05601963934757475
0,0.39409102224090536
0,0.9997058102360076
0,0.99818507995356
0,0.9982793607909209
0,0.16253104711777128
1,0.9607135443770924
0,0.0101666408307275
0,0.018933377022358543
0,0.0025241717564299573
0,0.03560477788005933
0,0.023010865439097406
0,0.001889363659856083
0,0.18976709700310995
0,0.8993320232843046
0,0.9634405029885742
0,0.00017207510601577062
0,0.0854967828653011
0,0.0008409529174688659
0,0.03396996658589222
0,0.35259196247670366
0,0.005025676574677062
0,0.7009921380765048
0,0.000268263063389147
0,0.07876025766919123
0,0.30395760791101484
0,0.00846175624564904
0,0.9786156343297886
0,0.02851432178739374
0,0.9972249389205808
0,0.055269711467271616
0,0.2527389416433211
0,0.7382124664624735
0,0.5807411182872622
0,0.9079791354572274
0,0.003942930852164651
0,0.008365905221855515
0,0.001431391744196398
0,0.38932113729911905
0,0.0015799636054658578
0,0.021272625012607318
0,0.35407507049206477
0,0.001072886825831175
0,0.39944070366500856
0,0.26402777051636495
0,0.0012766242406395513
0,0.1134115132059172
0,0.130782954349721
0,0.968308727307745
0,0.0002121776257114793
0,0.005241445906619877
0,0.04656347076413214
0,0.3508894163252478
0,0.999270193948726
0,0.2516854153757149
0,0.0014828257017868833
0,0.39545881381717335
0,0.0010248007528591762
0,0.9819591875176732
0,0.9108638060883361
0,0.009924792775932976
0,0.3559030632938813
0,0.6609211640074035
0,0.0014534900813531245
0,0.07745011079059867
0,0.64926208062452
0,0.021510536442287214
0,0.7318135683958279
0,0.6120385832049673
0,0.01642791956694628
0,0.061799838051228274
0,0.0008965116649303405
0,0.08063945843442735
0,0.21829172719762804
0,0.964900785962027
0,0.0014904022792467657
0,0.023403433452777407
0,0.7041280576933857
0,0.016999829029270157
0,0.00021964256346867757
0,0.00047007341397825814
0,0.013514673873467206
0,0.032135461587897936
0,0.00044166464732331174
0,0.2799999648999533
0,0.0010736381818242957
0,0.627934936435407
0,0.9684095855796391
0,0.02606203758942382
0,0.005439908341089406
0,0.17415762101015886
0,0.028076513587931104
0,0.5658758273793969
0,0.9728220172700901
0,0.6859581131160696
0,0.939010450737301
0,0.263419402177993
0,0.7141401608701772
0,0.5335314461110895
0,0.38537068690142656
0,0.07096308481844815
0,0.012442936567254932
0,0.00854631179028456
0,3.266977752201808e-05
0,0.0010537519129502485
0,0.02101023965558796
0,0.9873467557165845
0,0.7694251004973522
0,0.9998177787868237
0,0.0049828422132787015
0,0.0002905376786639395
0,0.8684527200315453
0,0.3497989235392717
0,0.8153972177952946
0,0.28791956473636027
0,0.3085273407636731
0,0.0523905640295723
0,0.005799709317163949
0,0.9993529242359434
0,0.977939877430347
0,0.021108834236352375
0,0.969625138309566
0,0.34102493267657086
0,0.7517947616221076
0,0.04602931777007651
0,0.3566042515861536
0,0.03964186893135953
0,0.02764777096551164
0,0.1282748819872772
0,0.07306875741947541
0,0.9684101703246066
0,0.13879064436766303
0,0.05188479686507402
0,0.03374901520279036
0,0.002499008131070613
0,0.16598339489381547
0,0.09959189217531063
0,0.6720968440604612
0,7.914902515597778e-05
0,0.12916476466845833
0,3.10181962426718e-05
0,0.6080946586071188
0,0.9960165092809495
0,0.8432381126845302
0,0.001634179792611505
0,0.04048737133667373
0,0.007191856662096823
0,0.9704123784126467
0,0.1805244150782473
0,0.9899755899612964
0,0.6330033118346079
0,0.9990786159418449
0,0.00018582021723637782
0,0.0927730542584641
0,0.7929352536405824
0,0.04026360994678648
0,0.03860592853912053
0,0.11897096823057075
0,0.9912397179052055
0,0.014358326764552967
0,0.5261265136267633
0,0.009162363908554438
0,0.9899750992797279
0,0.0019040245100512428
0,0.001474401785456325
0,0.00025778345737023834
0,0.1337883820166561
0,0.9646769187293671
0,0.6918211587704746
0,0.1692072321203466
0,0.8008075150241212
0,0.10545989426415506
0,0.8787514184669478
0,0.0138336170054252
0,0.001603663590300782
0,7.70059091910089e-05
0,0.7587122541953987
0,0.9983486736083302
0,0.0056847472646215135
0,0.037597845668553384
0,6.666738655057375e-05
0,0.006750919083838778
0,0.04101319587317396
0,0.08487253130281781
0,0.8652800737001233
0,0.07701895938816816
0,0.0024273212804416956
0,0.02909330415450765
0,0.04229468335119878
0,0.03315788578734961
0,0.7105309406769434
0,0.16950082064582322
0,0.45722377842806483
0,0.3318542307784646
0,0.0074449292115927905
0,0.9498803974187083
0,0.06086161991471972
0,0.033987382474643
0,0.0058576451682446715
0,0.030647188637813707
0,0.007912505559789687
0,0.878864035245257
0,0.9992131993521268
0,0.001974995362664872
0,0.11903589620275883
0,0.06962818569685185
0,0.32846424048252804
0,0.1397825101552901
0,0.38773595903669605
0,0.0280321635161042
0,0.5277603491061218
0,0.05360653844233359
0,0.04006470843859397
0,0.015137512130260735
0,0.43274976688561145
0,0.40489781999236146
0,0.0008144978393416119
0,0.2271848840457179
0,0.3848794585317386
0,0.10465740953426468
0,0.9989251889388687
0,4.32814987046712e-05
0,0.5437638944525386
0,0.9808468950102937
0,0.01910714138361541
0,0.23292439991418232
0,0.0008848831847654148
0,0.06406545967745547
0,0.7070412693528119
0,0.0036636755071506326
0,0.0005526179322713941
0,0.048526800829703745
0,2.4973883196296015e-05
0,0.9178895593623386
0,0.4296918277398129
0,0.002929757803075033
0,0.9231768294899492
0,0.27734691564225866
0,0.0024724513260623057
0,0.01904888125257622
1,0.9976082762683357
0,9.387372312232833e-05
0,0.35728077109608597
0,0.3936651629436538
0,0.0025097134320341834
0,0.019643936687980014
0,0.004923578895082497
0,0.18322523814126407
0,0.74272361946356
0,0.05136896582561728
0,0.0024297726993524824
0,0.016735397483665808
0,0.9946632233268559
0,0.041989806593176464
0,0.017280139171072396
0,0.004536136181990124
0,0.19774577908055907
0,0.9866578490900487
0,0.9997449646769835
0,0.9986708361171812
0,0.9850586419882797
0,0.6923041025515672
0,0.8215782630834553
0,0.5232311974248991
0,0.0008108526533519259
0,0.9791770398404898
0,0.0013050579110808688
0,0.04670589263957466
0,0.11391894858890494
0,0.0009800971708371388
0,0.04766507937666474
0,0.004081755803561692
0,0.9718587556387662
0,0.8690224597513492
0,0.0005507043565982989
0,0.01507372112325666
0,0.0070944394584964215
0,0.003997352014328985
0,0.059697085381466404
0,5.190441518043336e-05
0,0.03233049668209564
0,0.052800666451036316
0,0.0003727110781380283
0,0.0060395050057284435
0,0.4517424950088906
0,0.7586628843144693
0,0.20499237163441866
0,0.04522029487274882
0,0.0022272115868062978
0,0.9943723243717831
0,0.008589258633633618
0,0.002971327042509432
0,0.005053602081150473
0,0.0012916103992898606
0,0.5898277941870738
0,0.08346696011979685
0,0.0011448748809471333
0,0.0006439989798948279
0,0.39781020249859156
0,0.006956187750754282
0,0.0013564719261692317
0,0.7676357662639902
0,0.0018984538554967633
0,0.0004890682041630804
0,0.001563567259080559
0,0.012678092210464719
0,0.0009037708160932693
0,0.938092483100286
0,0.9979242902839783
0,0.8722828512321568
0,0.9338956972285967
0,0.4771460190553133
0,0.377864614557503
0,0.00021739566802142222
0,0.08003202129274523
0,0.47155642767977846
0,0.0020211472204408553
0,0.9986119369060281
0,0.00013651319738884217
0,0.9417911581057121
0,0.15773868917597142
0,0.9025077889300706
0,0.03951960016855369
0,0.09254033338288932
0,0.26608775296902537
0,0.1297469005408958
0,0.4139248015713775
0,0.000407344876248999
0,0.00035156590415807835
0,0.7832090271013227
0,0.000534087447253355
0,0.09446450033761414
0,0.006318637352134393
0,0.0037473007965867665
0,0.9634381794837408
0,0.01658725345817235
0,0.07709461557482097
0,0.5128714044856751
0,0.010710081182796448
0,0.004995157968389522
0,0.06722386978835745
0,0.6630635975210258
0,0.020922087377177413
0,0.3077986350427562
0,0.8022623879845354
0,0.7179413008387515
0,0.0031861111177781316
0,0.9899081195644663
0,0.7926314803243476
0,0.0005816607414835383
0,0.004906490824884065
0,0.015168615738158395
0,0.019171867164293626
0,0.8166424248266202
0,0.6985721468739081
0,0.01792661298852214
0,0.0010667561861833759
1,0.9992281188803633
0,0.004437756073217417
0,0.012626759226344325
0,0.8140558220503259
0,0.043628898594584034
0,0.4378041891672722
0,0.8314655287153012
0,0.02159981125254344
0,0.9082935850632625
0,0.043326364447417776
0,0.010613846876572621
0,0.9996146056789029
0,0.005575538427996187
0,0.982187055155678
0,0.01103792711440609
0,0.020971349484339506
0,0.0023778823190934613
0,0.16280016636809602
0,0.032664381282829814
0,0.11386233247640311
0,0.0013981202620945632
0,0.38980210444106883
0,0.004652963115906889
0,0.2092398512692263
0,0.011860953359756775
0,0.048939401604431734
0,0.9562780814290067
0,0.27846476734786174
0,0.0005084252495090265
0,0.007547551555557946
0,0.730364292804739
0,0.3829863046188915
0,0.022400645027084314
0,0.966666625299569
0,0.00021857617745962312
0,0.42991762815350354
0,0.8554141892025879
0,0.06688331315376374
0,0.008411553863648287
0,0.36763557205699954
0,0.011867540711460893
0,0.002920755311449315
1,0.96357249806797
0,0.00999141232191781
0,0.007930307060422418
0,0.3705017540886092
0,0.6845707389212826
0,0.9985269191222774
0,0.005875446401216889
0,0.639287549525137
0,0.2510503820233364
0,0.08182200667833738
0,0.7463823992783247
0,0.122814780379369
0,0.0026370378116209975
0,0.4877371028625736
0,0.01182441189973692
0,0.9985058393820637
0,0.25490950649230504
0,0.5762427303889229
0,0.9097254551547821
0,0.5108246064148092
0,0.5107296682706269
0,0.004469298741196148
0,0.11007272504448194
0,0.025898787422218406
0,0.7870602857973382
0,0.9932242194080989
0,0.9607185556878276
0,0.002019468934971672
0,0.03148863820136338
0,0.21265372879581032
0,0.16758899373174244
0,0.0003255044680939157
0,0.015544878470662644
0,0.026781743233923638
0,0.00024241029429451818
0,0.071270121106783
0,0.0022824149098431223
0,0.036151474433563126
0,0.00029037149386772746
0,0.21769196361765625
0,0.0024634312566461027
0,0.9437940387053688
0,0.0011233834231434807
0,0.002738428688547816
0,0.032346939216366444
0,0.028463957272859747
0,0.003048488805335804
0,2.1877227618441698e-05
0,0.2917952339846589
0,0.4647612106923268
0,0.5147152388954446
0,0.00017105727195105422
0,0.6092969539521191
0,0.9576008569050518
0,0.30278571605623
0,0.9764617477471071
0,0.0063122104957829
0,0.009969403181931466
0,0.0011781418654707712
0,0.031670764332462346
0,0.9942591913856551
0,0.004935238293935055
0,0.03303398833229861
0,0.0006201054070586261
0,0.6207197912970416
0,0.11871717332481627
0,0.05166766045255377
0,0.025358938312960665
0,0.016180004632949375
0,0.8759094426149293
0,0.4692215233695148
0,0.9707936504494775
0,0.0003740127738784715
0,0.001203998773451381
0,0.8917291193290128
0,0.011597906624021749
0,0.4887880893563836
0,0.9993682995825476
0,0.7228430792685484
0,0.5916081684427169
0,0.7025594549738863
0,0.02843051050364628
0,0.2214177186375211
0,2.1347689444770518e-05
0,0.004841394964440942
0,0.009262934187271159
0,0.6894931926341129
0,0.11801426786834478
0,0.006198558617393499
0,0.2808630384226796
0,0.10349024148026832
0,0.5117873074352693
0,0.6166430049395144
0,0.8445675461959802
0,0.025101852870624337
0,0.03341204508736643
0,0.054114796428260795
0,0.6377905567417056
0,0.15421555985177549
0,0.04796327546134055
0,0.4205748745070348
0,0.003206466686770782
0,0.13350952025076537
0,0.026742853177850245
0,0.9997618159352017
0,0.023295585695633895
0,0.03327312357538918
0,0.2817149978718446
0,0.9956515935213445
0,0.9500112448388353
0,0.22711032388195881
0,0.00038943064974812137
0,0.8790720666851468
0,0.7355539797453099
0,0.054190187888896256
0,0.01455924821351276
0,0.004718668010434744
0,0.00033692841971375844
0,0.027707712433898003
0,0.6169427579316854
0,0.7747332037320382
0,0.00492303691965382
0,1.5152806150286725e-05
0,0.00010230202573892947
0,0.0835143943590417
0,0.8941383340902327
0,0.7802251982652708
0,0.6293059904542094
0,0.003723341738245451
0,0.2178230106036623
0,0.17856661877354285
0,0.00029452033518728314
0,0.9821725433161631
0,0.07484175795394983
0,0.09597436867248887
0,0.9569034507639983
0,0.10754181731579202
0,0.12366303549005708
0,0.051120374537637556
0,0.05796616762883367
0,0.7054816280396082
0,0.8076363510263957
0,0.007552097023373243
0,0.000642665778596869
0,0.5511316772349912
0,0.4342445619521818
0,0.007648213386877376
0,0.012683459980010822
0,0.007600257765174032
0,0.013617715217968323
0,0.20536204808432543
0,0.4119136269739112
0,0.9781038496767672
0,0.439793940839277
0,0.10365345201884218
0,0.05215748514926685
0,0.8564076853221101
0,0.0013690389304155878
0,0.6860012415998046
0,0.006159512587162808
0,0.00039305697706733375
0,0.4985187307390868
0,0.0038192247072374396
0,0.05010716887836707
0,0.012771730015412663
0,0.6870907142329805
0,1.2724310942856167e-05
0,0.41673054388272457
0,0.03356277899578935
0,0.1465810601290954
0,0.26544324597765473
0,0.8597669714689249
0,0.05605400670379683
0,0.0006073995821952138
0,0.004068819609776897
0,3.1221421097707076e-05
0,0.8313012647599035
0,0.9306845319462949
0,0.5691685272187318
0,0.0004879076324808629
0,0.017479255454370624
0,0.6499062849289269
0,0.129853339686234
0,0.4582042618758161
0,0.0034901619656716888
0,0.0007370104573389402
0,0.4112986403418392
0,0.5478645484860197
0,0.9868339439849676
0,0.007104652853920026
0,0.00013149706686642497
0,0.08070414719226518
0,0.010428790179013301
0,0.11985772022426458
0,0.9602548207378998
0,0.10419651410203387
0,0.5393889930317557
1,0.02828787097691223
0,0.12115246362741035
0,0.01442135355671094
0,0.01857235080345978
0,0.4605638701217897
0,0.11279916624640551
0,0.031902342182652636
0,0.5074661054539228
0,0.006250890446603363
0,0.017500623433975675
0,0.1346594291082511
0,0.0011202094083103606
0,0.005387628619612234
0,0.22016427316504042
0,0.13716539378376952
0,0.0012973578287442783
0,0.9997027488111923
0,0.12126276545298655
0,0.815859723448124
0,0.9998666298279735
0,0.9923505679161212
0,0.016511926730149604
0,0.0008386339235039726
0,0.8804493107188454
0,0.004894011780660836
0,0.004958623135841016
0,0.07061916000759748
0,0.25919716326252773
0,0.7882429087223878
0,0.7808855971791403
0,0.0007697386881002756
0,0.04117399257393791
0,0.9786280100755298
0,0.7146884664097052
0,0.2774611712273401
0,0.23116833634165015
0,0.7649494825064449
0,0.3916817901626704
0,0.17759646137759702
0,0.025089369930377005
0,0.01754353097947649
0,0.2174013199188148
0,0.027503843706450967
0,0.6879301114129218
0,0.40231058571837225
0,0.2725232406422666
0,0.00042120499898995906
0,0.9800750741375488
0,0.0009726371327614736
0,0.9712980233276162
0,0.0027757111438569395
0,0.45250674241520183
0,0.020231783142097327
0,0.006921332514860058
0,0.0029803828649166875
0,0.9669001532265339
0,0.00025060728114195983
0,0.02089930107930589
0,0.47282306718049805
0,0.0003349666650313621
0,0.8064325515390345
0,0.9924265945509759
0,0.03446840924675191
0,0.15791134207808966
0,0.030579591694188484
0,0.5250026602251969
0,0.1341106917294655
0,0.3492254884152161
0,0.8341314118934126
0,0.005196608353607514
0,0.00019830507204645308
0,0.5568733045683462
1,0.5808082326540248
0,0.04995943936866825
0,0.303864495578549
0,0.12668433546747795
0,0.7382954324256146
0,0.05887606498504606
0,5.829141863982353e-05
0,0.05763687443432408
0,0.5954215679833897
0,0.01732444358070913
0,0.6300775203318512
0,0.01728345251177674
0,0.4917404006757626
0,0.9823012526906517
0,0.6983893857368464
0,0.9991767053404212
0,0.18872620049977423
0,0.6157049641241772
0,0.9777211705603099
0,0.9163992325465338
0,0.157995964357029
0,0.11782552618070544
0,0.0008798618432774985
0,0.05912931636338241
0,0.03274356305007894
0,0.019339814042268554
0,0.4176126684807796
0,0.0004188397251875037
0,0.9756864654641508
0,0.05111333714566462
0,0.002357966329928396
0,0.1661113301566082
0,0.04554058040804682
0,0.816595993414476
0,0.2712512115852774
0,0.6914745269409894
0,0.9378006846318633
0,0.005344114391557111
0,0.9499129702768376
0,0.1843929590874631
0,0.01760224305742115
0,0.7686457402462664
0,0.0024563508950870413
0,0.907697974182759
0,0.949663625045999
0,0.0003656483125077457
0,0.0011215414624784245
0,0.11878950301291091
0,0.0986771007030071
0,0.06324698436254188
0,0.9775197223354513
0,0.26355488188291776
0,0.0014107942395146613
0,0.015095094349392641
0,0.0005412929355166478
0,0.10526304427604401
0,0.0012967420306889085
0,0.820706814811693
0,0.02159796132244785
1,0.9974700162495516
0,0.9043062536161957
0,0.000887194378697775
0,0.7482996340146307
0,0.08130822374951874
0,0.0060874316801510795
0,0.9462205926301541
0,0.7912447740372938
0,0.07070154543183353
0,0.0007329321711907734
0,0.9941970018487862
0,0.00017061140708951448
0,0.00738059054860379
0,0.3478209042094138
0,0.019764842988124566
0,0.1253817424263323
0,0.07473972496648211
0,0.29817040714504683
0,0.02155948328281724
0,2.6176648666469142e-05
0,0.9988398145985918
0,0.021541240130488398
0,0.9623230667871508
0,0.9406225967889152
0,0.0025001323104684938
0,0.005112238309071268
0,0.06797098796337153
0,0.006845780945971617
0,0.8816240331495855
0,0.15671249530870696
0,0.8985148828197913
0,0.8504302752073707
0,0.9990604712479102
0,0.27051027281559986
0,0.0016117312433471618
0,0.880344390229909
0,0.999444437093245
0,0.7145986502399287
0,0.7937976026066003
0,0.7063609377159917
0,0.06064297209654211
0,0.002761147164977182
0,0.8106802222974095
0,0.32498677954726585
0,0.07887841191453106
0,0.04709523437517116
0,0.9524373174983787
0,0.057283965990941155
0,0.9964989475910109
0,0.06170277164684808
0,0.007785617251450664
0,0.9385868523323668
0,0.580064065466007
0,0.8499841448603733
0,0.9813199758444888
0,0.9558868730031846
0,0.11685846539118012
0,0.4749823047179102
0,0.5809450416562973
0,0.0855762097062601
0,0.584512973109122
0,0.9976528680947236
0,2.164642637002932e-05
0,0.01453263968078834
0,0.10577464228685363
0,0.04928044997224455
0,0.0018951566377694215
0,0.0184173345669957
0,0.0541311730413909
0,0.9807129552963114
0,0.0025268682767794824
0,0.0019032329528300062
0,0.00698661374630674
0,0.6535372305509486
0,0.3188340838425702
0,0.3864717328580069
0,0.07669205830029442
0,0.0003721003737052987
0,0.10197071483580603
0,0.5328014300271825
0,0.5670287480678692
0,0.0003658994756611796
0,0.16465730914741636
0,0.9329652714872643
0,0.996891015348978
0,0.0007065530086128447
0,0.9579870427451839
0,0.5701023657760478
0,0.11829704385965877
0,0.08441890647905077
0,0.863857819485481
0,0.012760467339147244
0,0.018041783730520518
0,0.8765284997512333
0,0.3054552957028711
0,0.9088794693103825
0,0.002515207212658025
0,0.8698118667581466
0,0.04461060112678408
0,0.0004091186011034508
0,0.002096300999341692
0,0.8741350716515996
0,0.015026910340686884
0,0.2488200320866902
0,0.893548250616132
0,0.03563875685488864
0,0.005709491177932345
0,0.996572502132157
0,0.21085477091402274
0,0.002401578830996968
0,0.008781037572933739
0,0.12836194713144872
0,0.34670587567994987
0,0.7456110083357772
0,0.091532638062352
0,0.00023216557794976085
0,0.023721648659929106
0,0.946107658570496
0,0.006077780577270005
0,0.004703064608369514
0,0.18499166711361453
0,0.8697385583622519
0,0.02362912395167666
0,0.013336158457283783
0,0.025721290911457178
0,0.004222885828618733
0,0.03400451700140716
0,0.9381060035584686
0,0.9830194926110015
0,0.7257480302656617
0,0.9941037550827031
0,0.12115137486626823
0,0.38329615277573054
0,0.9356068307134242
0,0.9986457097158233
0,0.020460053400374777
0,0.023108821406444473
0,0.8941110216012659
0,0.9886395662371971
0,0.03632395877334867
0,0.5762416931229869
0,0.0009186982282782168
0,0.0010028267782937802
0,0.02537248459655231
0,0.4329685963989012
0,0.1755063900583972
0,0.43451252127183737
0,0.9966962537910246
0,0.91918835915359
0,0.06157945028707358
0,0.1478485512301989
0,0.9390825937752482
0,0.9340667944515252
0,0.17861802133888918
0,0.13940802851397313
1,0.7458738466990827
0,0.08239289633897938
0,0.7793131755295898
0,0.9981132877092238
0,0.004352355851546318
0,0.08086658367326514
0,0.5330635489804751
0,0.13614580769472176
0,0.031575323342173556
0,0.0853234576059641
0,0.9975112975870934
0,0.023782703543075
0,0.048439993283538124
0,0.24755288650569068
0,0.030731922464890975
0,0.009549109099039018
0,0.00284180405111046
0,0.11943757374344684
0,0.80901808161245
0,0.22795107264048253
0,0.0006554573215757485
0,0.2540219026271567
0,0.005606626633431188
0,0.0038536751780951224
0,0.022651880938408055
0,0.18285532850266073
0,0.15979542042615466
0,0.00323389090221932
0,0.0037915244089796966
0,0.906019942420413
0,0.8311218254721628
0,0.00034633683585112213
0,0.02821933387468216
0,0.8583551441085256
0,0.04593013219273083
0,0.802794452095945
0,0.5776388471280517
0,0.007578762674186135
0,0.03246697396726523
0,0.8522713875375583
0,0.00024760129256006674
0,0.1011152037450271
0,0.04677365660580884
0,0.0011430498738902552
0,0.3528550302111408
0,0.1286804816118568
0,0.34598173888255446
0,0.010200800077501017
0,0.001815448061574731
0,0.9570141214365087
0,0.9958364964254336
0,0.3022197423533966
0,0.3136612986962908
0,0.23726545894833914
0,0.9518101963167925
0,0.0014313609611761441
0,0.10024737697806956
0,0.7085513217248328
0,0.01983782790188325
0,0.33684788466302873
0,0.1377991261209086
0,0.00022886027643586687
0,0.019645845727609027
0,0.9852171400468261
0,0.014443697416400178
0,0.014381499265689657
0,0.003697073103175987
0,0.04848139207153645
1,0.9625584892392867
0,0.9925986716978651
0,0.9963020867914385
0,0.11527428620964607
0,0.9891100131608368
0,0.0005190943069741128
0,0.009246862185227555
0,0.0018050681663874305
0,0.1456790773555171
0,0.00449333668759188
0,0.7215254573197665
0,0.6204915349964992
0,0.15122534832459303
0,0.354044446484927
0,0.000866386340104284
0,0.03248189359109974
0,0.35795757429143504
0,0.09001442465857518
0,0.06054972753581519
0,0.11449550421265053
0,0.026639239662402173
0,0.5563975884358126
0,0.019119535823268318
0,0.0006288424994608092
0,0.22731128496469663
0,0.3521123746551251
0,0.03915399716666771
0,7.440134507322232e-05
0,0.08677282659616282
0,0.018373128472345054
0,0.0005991456843001984
0,0.3737323285503164
0,0.02278215643433336
0,0.0015355545828375184
0,0.10612272998729375
0,0.01517666080332939
0,0.6597376922171431
0,0.002296397242763229
0,0.61220458500566
0,0.008062664125250144
0,0.012388933328838338
0,0.014581948850818005
0,0.5667722989721437
0,0.8612640308173437
0,0.41542500411899747
0,0.022065859844714018
0,0.9949364320961149
0,0.29351485453624176
1,0.8704415713046044
0,0.012007315347961437
0,0.005371687805039947
0,7.55034083035481e-05
0,0.03982989728693425
0,0.46007423993859076
0,0.994644902661279
0,1.7605109971900515e-05
0,2.9929583864909028e-05
0,0.021295738471397752
0,0.018736585287371207
0,0.6426346775702754
0,0.02167487597851293
0,0.823491069926146
0,0.948166711984194
0,0.9976439331893755
0,0.005190500614036952
0,5.900164183151929e-05
0,0.3339235938295869
0,0.09778270770509757
0,0.9058470995835168
0,0.9652675397411309
0,0.9941885929063444
0,0.0009903789389320052
0,0.002970399829329731
0,0.8922885873898593
0,0.7688415906538172
0,0.02806323050760949
0,0.2602977556597824
0,0.9414543666493699
0,0.5620106185379442
0,0.9581422990729632
0,0.8549663715294682
0,0.9965041431050967
0,0.9411985690561164
0,0.002950168459404559
0,0.3995982428472724
0,0.9962697135483821
0,0.7530395523096125
0,0.03698077123529786
0,0.000771600696594161
0,0.1014633954020002
0,0.0007907658785549563
0,0.002759288976958102
0,0.6389667408556596
0,0.0024622569991550993
0,0.007621434799493528
0,0.0002703800437353856
0,0.00317095316750618
0,0.29988847283700754
0,0.13082073410612882
0,0.9625006935849736
0,0.8773877438589216
0,0.013432048367703012
0,0.004061709269697702
0,0.2974186420055117
0,0.21958058978377945
0,0.9931651834966839
0,0.010295359062604453
0,0.9487900984354029
0,0.005172677172661311
0,0.06654226704867233
0,0.005481902708144934
0,0.8130744539856851
0,0.5561616066552542
0,0.5158697081569563
0,0.7160295685153675
0,0.9741052015555489
0,0.2551245997833184
0,0.026134578243098023
0,0.01066956136642279
0,4.630170888612282e-05
0,0.0391623166872595
0,0.9999487841586292
0,0.003055034446127996
0,0.0028893089599763572
0,0.050453774891417766
0,0.03168772875092497
0,0.5941877253377971
0,5.66656975962764e-05
0,0.021185485300231146
0,0.0064787055328495175
0,0.34191408347618024
0,0.05868191326990338
0,0.045830201779607865
0,0.031119811839824502
0,0.562900377717538
0,0.004291294822857438
0,0.002518673650366181
0,1.362901575948118e-05
0,0.28710959505591205
0,0.0032259454535866604
0,0.0005504096711040178
0,0.22167165542039374
0,0.9989689044920708
0,0.5325210897209619
0,0.32412078382725884
0,0.007212550504165904
0,0.3134606303874018
0,0.06080775185978396
0,0.9506791088979516
0,0.9990441848227984
0,0.9969108624665273
0,0.14111656624604074
0,8.732330216381853e-05
0,0.00022893329357950775
0,0.051855530757736024
0,0.02752333932969598
0,0.0007595199794335205
0,0.9973420061974841
0,0.1245949364993824
0,0.10120207048609046
0,0.8151407099453407
0,0.04154095585862651
0,0.9742949663341258
0,0.011015965247458783
0,0.5934886866441194
0,0.10769711968853043
0,0.17773481533100047
0,0.00010283881488833019
0,0.8877220057774345
0,2.7688279431130466e-05
0,0.03563325925303359
0,0.3780871480885741
0,0.016812548300614353
0,0.9751838127082193
0,0.057745362286453626
0,0.15592570945006373
0,0.909060807113826
0,0.01947554660286111
0,0.037460699132249
0,0.5443300797559589
0,0.8842980146167284
0,0.002493907628513556
0,0.1846405930039602
0,0.003073460583068485
0,0.03918654504470507
0,0.01966489272198059
0,7.175568339909885e-05
0,0.0018153755283948872
0,0.04912422266393246
0,0.1272683935729388
1,0.03282610017861658
0,0.07051571402584972
0,0.6861287256476156
0,0.0004519833399113202
0,0.5568505561629328
0,0.0006000773253469021
0,0.05110464228084464
0,0.007785879890691864
0,0.03144895319335224
0,0.33417579888726484
0,0.0073257448374509015
0,0.016185584942324707
0,0.11449692155250625
0,0.831697426506489
0,0.027139477739014824
0,0.9661822988131386
0,0.04828502819289908
0,0.08561051164837921
0,0.0061396675468398925
0,0.010896572526439203
0,0.002139660511682773
0,0.8802166271638097
